./number_data/train_img/0(1).jpg,0
./number_data/train_img/0(2).jpg,0
./number_data/train_img/0(3).jpg,0
./number_data/train_img/0(4).jpg,0
./number_data/train_img/0(5).jpg,0
./number_data/train_img/0(6).jpg,0
./number_data/train_img/0(7).jpg,0
./number_data/train_img/0(8).jpg,0
./number_data/train_img/0(9).jpg,0
./number_data/train_img/0(10).jpg,0
./number_data/train_img/0(11).jpg,0
./number_data/train_img/0(12).jpg,0
./number_data/train_img/0(13).jpg,0
./number_data/train_img/0(14).jpg,0
./number_data/train_img/0(15).jpg,0
./number_data/train_img/0(16).jpg,0
./number_data/train_img/0(17).jpg,0
./number_data/train_img/0(18).jpg,0
./number_data/train_img/0(19).jpg,0
./number_data/train_img/0(20).jpg,0
./number_data/train_img/0(21).jpg,0
./number_data/train_img/0(22).jpg,0
./number_data/train_img/0(23).jpg,0
./number_data/train_img/0(24).jpg,0
./number_data/train_img/0(25).jpg,0
./number_data/train_img/0(26).jpg,0
./number_data/train_img/0(27).jpg,0
./number_data/train_img/0(28).jpg,0
./number_data/train_img/0(29).jpg,0
./number_data/train_img/0(30).jpg,0
./number_data/train_img/0(31).jpg,0
./number_data/train_img/0(32).jpg,0
./number_data/train_img/0(33).jpg,0
./number_data/train_img/0(34).jpg,0
./number_data/train_img/0(35).jpg,0
./number_data/train_img/0(36).jpg,0
./number_data/train_img/0(37).jpg,0
./number_data/train_img/0(38).jpg,0
./number_data/train_img/0(39).jpg,0
./number_data/train_img/0(40).jpg,0
./number_data/train_img/0(41).jpg,0
./number_data/train_img/0(42).jpg,0
./number_data/train_img/0(43).jpg,0
./number_data/train_img/0(44).jpg,0
./number_data/train_img/0(45).jpg,0
./number_data/train_img/0(46).jpg,0
./number_data/train_img/0(47).jpg,0
./number_data/train_img/0(48).jpg,0
./number_data/train_img/0(49).jpg,0
./number_data/train_img/0(50).jpg,0
./number_data/train_img/0(51).jpg,0
./number_data/train_img/0(52).jpg,0
./number_data/train_img/0(53).jpg,0
./number_data/train_img/0(54).jpg,0
./number_data/train_img/0(55).jpg,0
./number_data/train_img/0(56).jpg,0
./number_data/train_img/0(57).jpg,0
./number_data/train_img/0(58).jpg,0
./number_data/train_img/0(59).jpg,0
./number_data/train_img/0(60).jpg,0
./number_data/train_img/0(61).jpg,0
./number_data/train_img/0(62).jpg,0
./number_data/train_img/0(63).jpg,0
./number_data/train_img/0(64).jpg,0
./number_data/train_img/0(65).jpg,0
./number_data/train_img/0(66).jpg,0
./number_data/train_img/0(67).jpg,0
./number_data/train_img/0(68).jpg,0
./number_data/train_img/0(69).jpg,0
./number_data/train_img/0(70).jpg,0
./number_data/train_img/0(71).jpg,0
./number_data/train_img/0(72).jpg,0
./number_data/train_img/0(73).jpg,0
./number_data/train_img/0(74).jpg,0
./number_data/train_img/0(75).jpg,0
./number_data/train_img/0(76).jpg,0
./number_data/train_img/0(77).jpg,0
./number_data/train_img/0(78).jpg,0
./number_data/train_img/0(79).jpg,0
./number_data/train_img/0(80).jpg,0
./number_data/train_img/0(81).jpg,0
./number_data/train_img/0(82).jpg,0
./number_data/train_img/0(83).jpg,0
./number_data/train_img/0(84).jpg,0
./number_data/train_img/0(85).jpg,0
./number_data/train_img/0(86).jpg,0
./number_data/train_img/0(87).jpg,0
./number_data/train_img/0(88).jpg,0
./number_data/train_img/0(89).jpg,0
./number_data/train_img/0(90).jpg,0
./number_data/train_img/0(91).jpg,0
./number_data/train_img/0(92).jpg,0
./number_data/train_img/0(93).jpg,0
./number_data/train_img/0(94).jpg,0
./number_data/train_img/0(95).jpg,0
./number_data/train_img/0(96).jpg,0
./number_data/train_img/0(97).jpg,0
./number_data/train_img/0(98).jpg,0
./number_data/train_img/0(99).jpg,0
./number_data/train_img/0(100).jpg,0
./number_data/train_img/1(1).jpg,1
./number_data/train_img/1(2).jpg,1
./number_data/train_img/1(3).jpg,1
./number_data/train_img/1(4).jpg,1
./number_data/train_img/1(5).jpg,1
./number_data/train_img/1(6).jpg,1
./number_data/train_img/1(7).jpg,1
./number_data/train_img/1(8).jpg,1
./number_data/train_img/1(9).jpg,1
./number_data/train_img/1(10).jpg,1
./number_data/train_img/1(11).jpg,1
./number_data/train_img/1(12).jpg,1
./number_data/train_img/1(13).jpg,1
./number_data/train_img/1(14).jpg,1
./number_data/train_img/1(15).jpg,1
./number_data/train_img/1(16).jpg,1
./number_data/train_img/1(17).jpg,1
./number_data/train_img/1(18).jpg,1
./number_data/train_img/1(19).jpg,1
./number_data/train_img/1(20).jpg,1
./number_data/train_img/1(21).jpg,1
./number_data/train_img/1(22).jpg,1
./number_data/train_img/1(23).jpg,1
./number_data/train_img/1(24).jpg,1
./number_data/train_img/1(25).jpg,1
./number_data/train_img/1(26).jpg,1
./number_data/train_img/1(27).jpg,1
./number_data/train_img/1(28).jpg,1
./number_data/train_img/1(29).jpg,1
./number_data/train_img/1(30).jpg,1
./number_data/train_img/1(31).jpg,1
./number_data/train_img/1(32).jpg,1
./number_data/train_img/1(33).jpg,1
./number_data/train_img/1(34).jpg,1
./number_data/train_img/1(35).jpg,1
./number_data/train_img/1(36).jpg,1
./number_data/train_img/1(37).jpg,1
./number_data/train_img/1(38).jpg,1
./number_data/train_img/1(39).jpg,1
./number_data/train_img/1(40).jpg,1
./number_data/train_img/1(41).jpg,1
./number_data/train_img/1(42).jpg,1
./number_data/train_img/1(43).jpg,1
./number_data/train_img/1(44).jpg,1
./number_data/train_img/1(45).jpg,1
./number_data/train_img/1(46).jpg,1
./number_data/train_img/1(47).jpg,1
./number_data/train_img/1(48).jpg,1
./number_data/train_img/1(49).jpg,1
./number_data/train_img/1(50).jpg,1
./number_data/train_img/1(51).jpg,1
./number_data/train_img/1(52).jpg,1
./number_data/train_img/1(53).jpg,1
./number_data/train_img/1(54).jpg,1
./number_data/train_img/1(55).jpg,1
./number_data/train_img/1(56).jpg,1
./number_data/train_img/1(57).jpg,1
./number_data/train_img/1(58).jpg,1
./number_data/train_img/1(59).jpg,1
./number_data/train_img/1(60).jpg,1
./number_data/train_img/1(61).jpg,1
./number_data/train_img/1(62).jpg,1
./number_data/train_img/1(63).jpg,1
./number_data/train_img/1(64).jpg,1
./number_data/train_img/1(65).jpg,1
./number_data/train_img/1(66).jpg,1
./number_data/train_img/1(67).jpg,1
./number_data/train_img/1(68).jpg,1
./number_data/train_img/1(69).jpg,1
./number_data/train_img/1(70).jpg,1
./number_data/train_img/1(71).jpg,1
./number_data/train_img/1(72).jpg,1
./number_data/train_img/1(73).jpg,1
./number_data/train_img/1(74).jpg,1
./number_data/train_img/1(75).jpg,1
./number_data/train_img/1(76).jpg,1
./number_data/train_img/1(77).jpg,1
./number_data/train_img/1(78).jpg,1
./number_data/train_img/1(79).jpg,1
./number_data/train_img/1(80).jpg,1
./number_data/train_img/1(81).jpg,1
./number_data/train_img/1(82).jpg,1
./number_data/train_img/1(83).jpg,1
./number_data/train_img/1(84).jpg,1
./number_data/train_img/1(85).jpg,1
./number_data/train_img/1(86).jpg,1
./number_data/train_img/1(87).jpg,1
./number_data/train_img/1(88).jpg,1
./number_data/train_img/1(89).jpg,1
./number_data/train_img/1(90).jpg,1
./number_data/train_img/1(91).jpg,1
./number_data/train_img/1(92).jpg,1
./number_data/train_img/1(93).jpg,1
./number_data/train_img/1(94).jpg,1
./number_data/train_img/1(95).jpg,1
./number_data/train_img/1(96).jpg,1
./number_data/train_img/1(97).jpg,1
./number_data/train_img/1(98).jpg,1
./number_data/train_img/1(99).jpg,1
./number_data/train_img/1(100).jpg,1
./number_data/train_img/2(1).jpg,2
./number_data/train_img/2(2).jpg,2
./number_data/train_img/2(3).jpg,2
./number_data/train_img/2(4).jpg,2
./number_data/train_img/2(5).jpg,2
./number_data/train_img/2(6).jpg,2
./number_data/train_img/2(7).jpg,2
./number_data/train_img/2(8).jpg,2
./number_data/train_img/2(9).jpg,2
./number_data/train_img/2(10).jpg,2
./number_data/train_img/2(11).jpg,2
./number_data/train_img/2(12).jpg,2
./number_data/train_img/2(13).jpg,2
./number_data/train_img/2(14).jpg,2
./number_data/train_img/2(15).jpg,2
./number_data/train_img/2(16).jpg,2
./number_data/train_img/2(17).jpg,2
./number_data/train_img/2(18).jpg,2
./number_data/train_img/2(19).jpg,2
./number_data/train_img/2(20).jpg,2
./number_data/train_img/2(21).jpg,2
./number_data/train_img/2(22).jpg,2
./number_data/train_img/2(23).jpg,2
./number_data/train_img/2(24).jpg,2
./number_data/train_img/2(25).jpg,2
./number_data/train_img/2(26).jpg,2
./number_data/train_img/2(27).jpg,2
./number_data/train_img/2(28).jpg,2
./number_data/train_img/2(29).jpg,2
./number_data/train_img/2(30).jpg,2
./number_data/train_img/2(31).jpg,2
./number_data/train_img/2(32).jpg,2
./number_data/train_img/2(33).jpg,2
./number_data/train_img/2(34).jpg,2
./number_data/train_img/2(35).jpg,2
./number_data/train_img/2(36).jpg,2
./number_data/train_img/2(37).jpg,2
./number_data/train_img/2(38).jpg,2
./number_data/train_img/2(39).jpg,2
./number_data/train_img/2(40).jpg,2
./number_data/train_img/2(41).jpg,2
./number_data/train_img/2(42).jpg,2
./number_data/train_img/2(43).jpg,2
./number_data/train_img/2(44).jpg,2
./number_data/train_img/2(45).jpg,2
./number_data/train_img/2(46).jpg,2
./number_data/train_img/2(47).jpg,2
./number_data/train_img/2(48).jpg,2
./number_data/train_img/2(49).jpg,2
./number_data/train_img/2(50).jpg,2
./number_data/train_img/2(51).jpg,2
./number_data/train_img/2(52).jpg,2
./number_data/train_img/2(53).jpg,2
./number_data/train_img/2(54).jpg,2
./number_data/train_img/2(55).jpg,2
./number_data/train_img/2(56).jpg,2
./number_data/train_img/2(57).jpg,2
./number_data/train_img/2(58).jpg,2
./number_data/train_img/2(59).jpg,2
./number_data/train_img/2(60).jpg,2
./number_data/train_img/2(61).jpg,2
./number_data/train_img/2(62).jpg,2
./number_data/train_img/2(63).jpg,2
./number_data/train_img/2(64).jpg,2
./number_data/train_img/2(65).jpg,2
./number_data/train_img/2(66).jpg,2
./number_data/train_img/2(67).jpg,2
./number_data/train_img/2(68).jpg,2
./number_data/train_img/2(69).jpg,2
./number_data/train_img/2(70).jpg,2
./number_data/train_img/2(71).jpg,2
./number_data/train_img/2(72).jpg,2
./number_data/train_img/2(73).jpg,2
./number_data/train_img/2(74).jpg,2
./number_data/train_img/2(75).jpg,2
./number_data/train_img/2(76).jpg,2
./number_data/train_img/2(77).jpg,2
./number_data/train_img/2(78).jpg,2
./number_data/train_img/2(79).jpg,2
./number_data/train_img/2(80).jpg,2
./number_data/train_img/2(81).jpg,2
./number_data/train_img/2(82).jpg,2
./number_data/train_img/2(83).jpg,2
./number_data/train_img/2(84).jpg,2
./number_data/train_img/2(85).jpg,2
./number_data/train_img/2(86).jpg,2
./number_data/train_img/2(87).jpg,2
./number_data/train_img/2(88).jpg,2
./number_data/train_img/2(89).jpg,2
./number_data/train_img/2(90).jpg,2
./number_data/train_img/2(91).jpg,2
./number_data/train_img/2(92).jpg,2
./number_data/train_img/2(93).jpg,2
./number_data/train_img/2(94).jpg,2
./number_data/train_img/2(95).jpg,2
./number_data/train_img/2(96).jpg,2
./number_data/train_img/2(97).jpg,2
./number_data/train_img/2(98).jpg,2
./number_data/train_img/2(99).jpg,2
./number_data/train_img/2(100).jpg,2
./number_data/train_img/3(1).jpg,3
./number_data/train_img/3(2).jpg,3
./number_data/train_img/3(3).jpg,3
./number_data/train_img/3(4).jpg,3
./number_data/train_img/3(5).jpg,3
./number_data/train_img/3(6).jpg,3
./number_data/train_img/3(7).jpg,3
./number_data/train_img/3(8).jpg,3
./number_data/train_img/3(9).jpg,3
./number_data/train_img/3(10).jpg,3
./number_data/train_img/3(11).jpg,3
./number_data/train_img/3(12).jpg,3
./number_data/train_img/3(13).jpg,3
./number_data/train_img/3(14).jpg,3
./number_data/train_img/3(15).jpg,3
./number_data/train_img/3(16).jpg,3
./number_data/train_img/3(17).jpg,3
./number_data/train_img/3(18).jpg,3
./number_data/train_img/3(19).jpg,3
./number_data/train_img/3(20).jpg,3
./number_data/train_img/3(21).jpg,3
./number_data/train_img/3(22).jpg,3
./number_data/train_img/3(23).jpg,3
./number_data/train_img/3(24).jpg,3
./number_data/train_img/3(25).jpg,3
./number_data/train_img/3(26).jpg,3
./number_data/train_img/3(27).jpg,3
./number_data/train_img/3(28).jpg,3
./number_data/train_img/3(29).jpg,3
./number_data/train_img/3(30).jpg,3
./number_data/train_img/3(31).jpg,3
./number_data/train_img/3(32).jpg,3
./number_data/train_img/3(33).jpg,3
./number_data/train_img/3(34).jpg,3
./number_data/train_img/3(35).jpg,3
./number_data/train_img/3(36).jpg,3
./number_data/train_img/3(37).jpg,3
./number_data/train_img/3(38).jpg,3
./number_data/train_img/3(39).jpg,3
./number_data/train_img/3(40).jpg,3
./number_data/train_img/3(41).jpg,3
./number_data/train_img/3(42).jpg,3
./number_data/train_img/3(43).jpg,3
./number_data/train_img/3(44).jpg,3
./number_data/train_img/3(45).jpg,3
./number_data/train_img/3(46).jpg,3
./number_data/train_img/3(47).jpg,3
./number_data/train_img/3(48).jpg,3
./number_data/train_img/3(49).jpg,3
./number_data/train_img/3(50).jpg,3
./number_data/train_img/3(51).jpg,3
./number_data/train_img/3(52).jpg,3
./number_data/train_img/3(53).jpg,3
./number_data/train_img/3(54).jpg,3
./number_data/train_img/3(55).jpg,3
./number_data/train_img/3(56).jpg,3
./number_data/train_img/3(57).jpg,3
./number_data/train_img/3(58).jpg,3
./number_data/train_img/3(59).jpg,3
./number_data/train_img/3(60).jpg,3
./number_data/train_img/3(61).jpg,3
./number_data/train_img/3(62).jpg,3
./number_data/train_img/3(63).jpg,3
./number_data/train_img/3(64).jpg,3
./number_data/train_img/3(65).jpg,3
./number_data/train_img/3(66).jpg,3
./number_data/train_img/3(67).jpg,3
./number_data/train_img/3(68).jpg,3
./number_data/train_img/3(69).jpg,3
./number_data/train_img/3(70).jpg,3
./number_data/train_img/3(71).jpg,3
./number_data/train_img/3(72).jpg,3
./number_data/train_img/3(73).jpg,3
./number_data/train_img/3(74).jpg,3
./number_data/train_img/3(75).jpg,3
./number_data/train_img/3(76).jpg,3
./number_data/train_img/3(77).jpg,3
./number_data/train_img/3(78).jpg,3
./number_data/train_img/3(79).jpg,3
./number_data/train_img/3(80).jpg,3
./number_data/train_img/3(81).jpg,3
./number_data/train_img/3(82).jpg,3
./number_data/train_img/3(83).jpg,3
./number_data/train_img/3(84).jpg,3
./number_data/train_img/3(85).jpg,3
./number_data/train_img/3(86).jpg,3
./number_data/train_img/3(87).jpg,3
./number_data/train_img/3(88).jpg,3
./number_data/train_img/3(89).jpg,3
./number_data/train_img/3(90).jpg,3
./number_data/train_img/3(91).jpg,3
./number_data/train_img/3(92).jpg,3
./number_data/train_img/3(93).jpg,3
./number_data/train_img/3(94).jpg,3
./number_data/train_img/3(95).jpg,3
./number_data/train_img/3(96).jpg,3
./number_data/train_img/3(97).jpg,3
./number_data/train_img/3(98).jpg,3
./number_data/train_img/3(99).jpg,3
./number_data/train_img/3(100).jpg,3
./number_data/train_img/4(1).jpg,4
./number_data/train_img/4(2).jpg,4
./number_data/train_img/4(3).jpg,4
./number_data/train_img/4(4).jpg,4
./number_data/train_img/4(5).jpg,4
./number_data/train_img/4(6).jpg,4
./number_data/train_img/4(7).jpg,4
./number_data/train_img/4(8).jpg,4
./number_data/train_img/4(9).jpg,4
./number_data/train_img/4(10).jpg,4
./number_data/train_img/4(11).jpg,4
./number_data/train_img/4(12).jpg,4
./number_data/train_img/4(13).jpg,4
./number_data/train_img/4(14).jpg,4
./number_data/train_img/4(15).jpg,4
./number_data/train_img/4(16).jpg,4
./number_data/train_img/4(17).jpg,4
./number_data/train_img/4(18).jpg,4
./number_data/train_img/4(19).jpg,4
./number_data/train_img/4(20).jpg,4
./number_data/train_img/4(21).jpg,4
./number_data/train_img/4(22).jpg,4
./number_data/train_img/4(23).jpg,4
./number_data/train_img/4(24).jpg,4
./number_data/train_img/4(25).jpg,4
./number_data/train_img/4(26).jpg,4
./number_data/train_img/4(27).jpg,4
./number_data/train_img/4(28).jpg,4
./number_data/train_img/4(29).jpg,4
./number_data/train_img/4(30).jpg,4
./number_data/train_img/4(31).jpg,4
./number_data/train_img/4(32).jpg,4
./number_data/train_img/4(33).jpg,4
./number_data/train_img/4(34).jpg,4
./number_data/train_img/4(35).jpg,4
./number_data/train_img/4(36).jpg,4
./number_data/train_img/4(37).jpg,4
./number_data/train_img/4(38).jpg,4
./number_data/train_img/4(39).jpg,4
./number_data/train_img/4(40).jpg,4
./number_data/train_img/4(41).jpg,4
./number_data/train_img/4(42).jpg,4
./number_data/train_img/4(43).jpg,4
./number_data/train_img/4(44).jpg,4
./number_data/train_img/4(45).jpg,4
./number_data/train_img/4(46).jpg,4
./number_data/train_img/4(47).jpg,4
./number_data/train_img/4(48).jpg,4
./number_data/train_img/4(49).jpg,4
./number_data/train_img/4(50).jpg,4
./number_data/train_img/4(51).jpg,4
./number_data/train_img/4(52).jpg,4
./number_data/train_img/4(53).jpg,4
./number_data/train_img/4(54).jpg,4
./number_data/train_img/4(55).jpg,4
./number_data/train_img/4(56).jpg,4
./number_data/train_img/4(57).jpg,4
./number_data/train_img/4(58).jpg,4
./number_data/train_img/4(59).jpg,4
./number_data/train_img/4(60).jpg,4
./number_data/train_img/4(61).jpg,4
./number_data/train_img/4(62).jpg,4
./number_data/train_img/4(63).jpg,4
./number_data/train_img/4(64).jpg,4
./number_data/train_img/4(65).jpg,4
./number_data/train_img/4(66).jpg,4
./number_data/train_img/4(67).jpg,4
./number_data/train_img/4(68).jpg,4
./number_data/train_img/4(69).jpg,4
./number_data/train_img/4(70).jpg,4
./number_data/train_img/4(71).jpg,4
./number_data/train_img/4(72).jpg,4
./number_data/train_img/4(73).jpg,4
./number_data/train_img/4(74).jpg,4
./number_data/train_img/4(75).jpg,4
./number_data/train_img/4(76).jpg,4
./number_data/train_img/4(77).jpg,4
./number_data/train_img/4(78).jpg,4
./number_data/train_img/4(79).jpg,4
./number_data/train_img/4(80).jpg,4
./number_data/train_img/4(81).jpg,4
./number_data/train_img/4(82).jpg,4
./number_data/train_img/4(83).jpg,4
./number_data/train_img/4(84).jpg,4
./number_data/train_img/4(85).jpg,4
./number_data/train_img/4(86).jpg,4
./number_data/train_img/4(87).jpg,4
./number_data/train_img/4(88).jpg,4
./number_data/train_img/4(89).jpg,4
./number_data/train_img/4(90).jpg,4
./number_data/train_img/4(91).jpg,4
./number_data/train_img/4(92).jpg,4
./number_data/train_img/4(93).jpg,4
./number_data/train_img/4(94).jpg,4
./number_data/train_img/4(95).jpg,4
./number_data/train_img/4(96).jpg,4
./number_data/train_img/4(97).jpg,4
./number_data/train_img/4(98).jpg,4
./number_data/train_img/4(99).jpg,4
./number_data/train_img/4(100).jpg,4
./number_data/train_img/5(1).jpg,5
./number_data/train_img/5(2).jpg,5
./number_data/train_img/5(3).jpg,5
./number_data/train_img/5(4).jpg,5
./number_data/train_img/5(5).jpg,5
./number_data/train_img/5(6).jpg,5
./number_data/train_img/5(7).jpg,5
./number_data/train_img/5(8).jpg,5
./number_data/train_img/5(9).jpg,5
./number_data/train_img/5(10).jpg,5
./number_data/train_img/5(11).jpg,5
./number_data/train_img/5(12).jpg,5
./number_data/train_img/5(13).jpg,5
./number_data/train_img/5(14).jpg,5
./number_data/train_img/5(15).jpg,5
./number_data/train_img/5(16).jpg,5
./number_data/train_img/5(17).jpg,5
./number_data/train_img/5(18).jpg,5
./number_data/train_img/5(19).jpg,5
./number_data/train_img/5(20).jpg,5
./number_data/train_img/5(21).jpg,5
./number_data/train_img/5(22).jpg,5
./number_data/train_img/5(23).jpg,5
./number_data/train_img/5(24).jpg,5
./number_data/train_img/5(25).jpg,5
./number_data/train_img/5(26).jpg,5
./number_data/train_img/5(27).jpg,5
./number_data/train_img/5(28).jpg,5
./number_data/train_img/5(29).jpg,5
./number_data/train_img/5(30).jpg,5
./number_data/train_img/5(31).jpg,5
./number_data/train_img/5(32).jpg,5
./number_data/train_img/5(33).jpg,5
./number_data/train_img/5(34).jpg,5
./number_data/train_img/5(35).jpg,5
./number_data/train_img/5(36).jpg,5
./number_data/train_img/5(37).jpg,5
./number_data/train_img/5(38).jpg,5
./number_data/train_img/5(39).jpg,5
./number_data/train_img/5(40).jpg,5
./number_data/train_img/5(41).jpg,5
./number_data/train_img/5(42).jpg,5
./number_data/train_img/5(43).jpg,5
./number_data/train_img/5(44).jpg,5
./number_data/train_img/5(45).jpg,5
./number_data/train_img/5(46).jpg,5
./number_data/train_img/5(47).jpg,5
./number_data/train_img/5(48).jpg,5
./number_data/train_img/5(49).jpg,5
./number_data/train_img/5(50).jpg,5
./number_data/train_img/5(51).jpg,5
./number_data/train_img/5(52).jpg,5
./number_data/train_img/5(53).jpg,5
./number_data/train_img/5(54).jpg,5
./number_data/train_img/5(55).jpg,5
./number_data/train_img/5(56).jpg,5
./number_data/train_img/5(57).jpg,5
./number_data/train_img/5(58).jpg,5
./number_data/train_img/5(59).jpg,5
./number_data/train_img/5(60).jpg,5
./number_data/train_img/5(61).jpg,5
./number_data/train_img/5(62).jpg,5
./number_data/train_img/5(63).jpg,5
./number_data/train_img/5(64).jpg,5
./number_data/train_img/5(65).jpg,5
./number_data/train_img/5(66).jpg,5
./number_data/train_img/5(67).jpg,5
./number_data/train_img/5(68).jpg,5
./number_data/train_img/5(69).jpg,5
./number_data/train_img/5(70).jpg,5
./number_data/train_img/5(71).jpg,5
./number_data/train_img/5(72).jpg,5
./number_data/train_img/5(73).jpg,5
./number_data/train_img/5(74).jpg,5
./number_data/train_img/5(75).jpg,5
./number_data/train_img/5(76).jpg,5
./number_data/train_img/5(77).jpg,5
./number_data/train_img/5(78).jpg,5
./number_data/train_img/5(79).jpg,5
./number_data/train_img/5(80).jpg,5
./number_data/train_img/5(81).jpg,5
./number_data/train_img/5(82).jpg,5
./number_data/train_img/5(83).jpg,5
./number_data/train_img/5(84).jpg,5
./number_data/train_img/5(85).jpg,5
./number_data/train_img/5(86).jpg,5
./number_data/train_img/5(87).jpg,5
./number_data/train_img/5(88).jpg,5
./number_data/train_img/5(89).jpg,5
./number_data/train_img/5(90).jpg,5
./number_data/train_img/5(91).jpg,5
./number_data/train_img/5(92).jpg,5
./number_data/train_img/5(93).jpg,5
./number_data/train_img/5(94).jpg,5
./number_data/train_img/5(95).jpg,5
./number_data/train_img/5(96).jpg,5
./number_data/train_img/5(97).jpg,5
./number_data/train_img/5(98).jpg,5
./number_data/train_img/5(99).jpg,5
./number_data/train_img/5(100).jpg,5
./number_data/train_img/6(1).jpg,6
./number_data/train_img/6(2).jpg,6
./number_data/train_img/6(3).jpg,6
./number_data/train_img/6(4).jpg,6
./number_data/train_img/6(5).jpg,6
./number_data/train_img/6(6).jpg,6
./number_data/train_img/6(7).jpg,6
./number_data/train_img/6(8).jpg,6
./number_data/train_img/6(9).jpg,6
./number_data/train_img/6(10).jpg,6
./number_data/train_img/6(11).jpg,6
./number_data/train_img/6(12).jpg,6
./number_data/train_img/6(13).jpg,6
./number_data/train_img/6(14).jpg,6
./number_data/train_img/6(15).jpg,6
./number_data/train_img/6(16).jpg,6
./number_data/train_img/6(17).jpg,6
./number_data/train_img/6(18).jpg,6
./number_data/train_img/6(19).jpg,6
./number_data/train_img/6(20).jpg,6
./number_data/train_img/6(21).jpg,6
./number_data/train_img/6(22).jpg,6
./number_data/train_img/6(23).jpg,6
./number_data/train_img/6(24).jpg,6
./number_data/train_img/6(25).jpg,6
./number_data/train_img/6(26).jpg,6
./number_data/train_img/6(27).jpg,6
./number_data/train_img/6(28).jpg,6
./number_data/train_img/6(29).jpg,6
./number_data/train_img/6(30).jpg,6
./number_data/train_img/6(31).jpg,6
./number_data/train_img/6(32).jpg,6
./number_data/train_img/6(33).jpg,6
./number_data/train_img/6(34).jpg,6
./number_data/train_img/6(35).jpg,6
./number_data/train_img/6(36).jpg,6
./number_data/train_img/6(37).jpg,6
./number_data/train_img/6(38).jpg,6
./number_data/train_img/6(39).jpg,6
./number_data/train_img/6(40).jpg,6
./number_data/train_img/6(41).jpg,6
./number_data/train_img/6(42).jpg,6
./number_data/train_img/6(43).jpg,6
./number_data/train_img/6(44).jpg,6
./number_data/train_img/6(45).jpg,6
./number_data/train_img/6(46).jpg,6
./number_data/train_img/6(47).jpg,6
./number_data/train_img/6(48).jpg,6
./number_data/train_img/6(49).jpg,6
./number_data/train_img/6(50).jpg,6
./number_data/train_img/6(51).jpg,6
./number_data/train_img/6(52).jpg,6
./number_data/train_img/6(53).jpg,6
./number_data/train_img/6(54).jpg,6
./number_data/train_img/6(55).jpg,6
./number_data/train_img/6(56).jpg,6
./number_data/train_img/6(57).jpg,6
./number_data/train_img/6(58).jpg,6
./number_data/train_img/6(59).jpg,6
./number_data/train_img/6(60).jpg,6
./number_data/train_img/6(61).jpg,6
./number_data/train_img/6(62).jpg,6
./number_data/train_img/6(63).jpg,6
./number_data/train_img/6(64).jpg,6
./number_data/train_img/6(65).jpg,6
./number_data/train_img/6(66).jpg,6
./number_data/train_img/6(67).jpg,6
./number_data/train_img/6(68).jpg,6
./number_data/train_img/6(69).jpg,6
./number_data/train_img/6(70).jpg,6
./number_data/train_img/6(71).jpg,6
./number_data/train_img/6(72).jpg,6
./number_data/train_img/6(73).jpg,6
./number_data/train_img/6(74).jpg,6
./number_data/train_img/6(75).jpg,6
./number_data/train_img/6(76).jpg,6
./number_data/train_img/6(77).jpg,6
./number_data/train_img/6(78).jpg,6
./number_data/train_img/6(79).jpg,6
./number_data/train_img/6(80).jpg,6
./number_data/train_img/6(81).jpg,6
./number_data/train_img/6(82).jpg,6
./number_data/train_img/6(83).jpg,6
./number_data/train_img/6(84).jpg,6
./number_data/train_img/6(85).jpg,6
./number_data/train_img/6(86).jpg,6
./number_data/train_img/6(87).jpg,6
./number_data/train_img/6(88).jpg,6
./number_data/train_img/6(89).jpg,6
./number_data/train_img/6(90).jpg,6
./number_data/train_img/6(91).jpg,6
./number_data/train_img/6(92).jpg,6
./number_data/train_img/6(93).jpg,6
./number_data/train_img/6(94).jpg,6
./number_data/train_img/6(95).jpg,6
./number_data/train_img/6(96).jpg,6
./number_data/train_img/6(97).jpg,6
./number_data/train_img/6(98).jpg,6
./number_data/train_img/6(99).jpg,6
./number_data/train_img/6(100).jpg,6
./number_data/train_img/7(1).jpg,7
./number_data/train_img/7(2).jpg,7
./number_data/train_img/7(3).jpg,7
./number_data/train_img/7(4).jpg,7
./number_data/train_img/7(5).jpg,7
./number_data/train_img/7(6).jpg,7
./number_data/train_img/7(7).jpg,7
./number_data/train_img/7(8).jpg,7
./number_data/train_img/7(9).jpg,7
./number_data/train_img/7(10).jpg,7
./number_data/train_img/7(11).jpg,7
./number_data/train_img/7(12).jpg,7
./number_data/train_img/7(13).jpg,7
./number_data/train_img/7(14).jpg,7
./number_data/train_img/7(15).jpg,7
./number_data/train_img/7(16).jpg,7
./number_data/train_img/7(17).jpg,7
./number_data/train_img/7(18).jpg,7
./number_data/train_img/7(19).jpg,7
./number_data/train_img/7(20).jpg,7
./number_data/train_img/7(21).jpg,7
./number_data/train_img/7(22).jpg,7
./number_data/train_img/7(23).jpg,7
./number_data/train_img/7(24).jpg,7
./number_data/train_img/7(25).jpg,7
./number_data/train_img/7(26).jpg,7
./number_data/train_img/7(27).jpg,7
./number_data/train_img/7(28).jpg,7
./number_data/train_img/7(29).jpg,7
./number_data/train_img/7(30).jpg,7
./number_data/train_img/7(31).jpg,7
./number_data/train_img/7(32).jpg,7
./number_data/train_img/7(33).jpg,7
./number_data/train_img/7(34).jpg,7
./number_data/train_img/7(35).jpg,7
./number_data/train_img/7(36).jpg,7
./number_data/train_img/7(37).jpg,7
./number_data/train_img/7(38).jpg,7
./number_data/train_img/7(39).jpg,7
./number_data/train_img/7(40).jpg,7
./number_data/train_img/7(41).jpg,7
./number_data/train_img/7(42).jpg,7
./number_data/train_img/7(43).jpg,7
./number_data/train_img/7(44).jpg,7
./number_data/train_img/7(45).jpg,7
./number_data/train_img/7(46).jpg,7
./number_data/train_img/7(47).jpg,7
./number_data/train_img/7(48).jpg,7
./number_data/train_img/7(49).jpg,7
./number_data/train_img/7(50).jpg,7
./number_data/train_img/7(51).jpg,7
./number_data/train_img/7(52).jpg,7
./number_data/train_img/7(53).jpg,7
./number_data/train_img/7(54).jpg,7
./number_data/train_img/7(55).jpg,7
./number_data/train_img/7(56).jpg,7
./number_data/train_img/7(57).jpg,7
./number_data/train_img/7(58).jpg,7
./number_data/train_img/7(59).jpg,7
./number_data/train_img/7(60).jpg,7
./number_data/train_img/7(61).jpg,7
./number_data/train_img/7(62).jpg,7
./number_data/train_img/7(63).jpg,7
./number_data/train_img/7(64).jpg,7
./number_data/train_img/7(65).jpg,7
./number_data/train_img/7(66).jpg,7
./number_data/train_img/7(67).jpg,7
./number_data/train_img/7(68).jpg,7
./number_data/train_img/7(69).jpg,7
./number_data/train_img/7(70).jpg,7
./number_data/train_img/7(71).jpg,7
./number_data/train_img/7(72).jpg,7
./number_data/train_img/7(73).jpg,7
./number_data/train_img/7(74).jpg,7
./number_data/train_img/7(75).jpg,7
./number_data/train_img/7(76).jpg,7
./number_data/train_img/7(77).jpg,7
./number_data/train_img/7(78).jpg,7
./number_data/train_img/7(79).jpg,7
./number_data/train_img/7(80).jpg,7
./number_data/train_img/7(81).jpg,7
./number_data/train_img/7(82).jpg,7
./number_data/train_img/7(83).jpg,7
./number_data/train_img/7(84).jpg,7
./number_data/train_img/7(85).jpg,7
./number_data/train_img/7(86).jpg,7
./number_data/train_img/7(87).jpg,7
./number_data/train_img/7(88).jpg,7
./number_data/train_img/7(89).jpg,7
./number_data/train_img/7(90).jpg,7
./number_data/train_img/7(91).jpg,7
./number_data/train_img/7(92).jpg,7
./number_data/train_img/7(93).jpg,7
./number_data/train_img/7(94).jpg,7
./number_data/train_img/7(95).jpg,7
./number_data/train_img/7(96).jpg,7
./number_data/train_img/7(97).jpg,7
./number_data/train_img/7(98).jpg,7
./number_data/train_img/7(99).jpg,7
./number_data/train_img/7(100).jpg,7
./number_data/train_img/8(1).jpg,8
./number_data/train_img/8(2).jpg,8
./number_data/train_img/8(3).jpg,8
./number_data/train_img/8(4).jpg,8
./number_data/train_img/8(5).jpg,8
./number_data/train_img/8(6).jpg,8
./number_data/train_img/8(7).jpg,8
./number_data/train_img/8(8).jpg,8
./number_data/train_img/8(9).jpg,8
./number_data/train_img/8(10).jpg,8
./number_data/train_img/8(11).jpg,8
./number_data/train_img/8(12).jpg,8
./number_data/train_img/8(13).jpg,8
./number_data/train_img/8(14).jpg,8
./number_data/train_img/8(15).jpg,8
./number_data/train_img/8(16).jpg,8
./number_data/train_img/8(17).jpg,8
./number_data/train_img/8(18).jpg,8
./number_data/train_img/8(19).jpg,8
./number_data/train_img/8(20).jpg,8
./number_data/train_img/8(21).jpg,8
./number_data/train_img/8(22).jpg,8
./number_data/train_img/8(23).jpg,8
./number_data/train_img/8(24).jpg,8
./number_data/train_img/8(25).jpg,8
./number_data/train_img/8(26).jpg,8
./number_data/train_img/8(27).jpg,8
./number_data/train_img/8(28).jpg,8
./number_data/train_img/8(29).jpg,8
./number_data/train_img/8(30).jpg,8
./number_data/train_img/8(31).jpg,8
./number_data/train_img/8(32).jpg,8
./number_data/train_img/8(33).jpg,8
./number_data/train_img/8(34).jpg,8
./number_data/train_img/8(35).jpg,8
./number_data/train_img/8(36).jpg,8
./number_data/train_img/8(37).jpg,8
./number_data/train_img/8(38).jpg,8
./number_data/train_img/8(39).jpg,8
./number_data/train_img/8(40).jpg,8
./number_data/train_img/8(41).jpg,8
./number_data/train_img/8(42).jpg,8
./number_data/train_img/8(43).jpg,8
./number_data/train_img/8(44).jpg,8
./number_data/train_img/8(45).jpg,8
./number_data/train_img/8(46).jpg,8
./number_data/train_img/8(47).jpg,8
./number_data/train_img/8(48).jpg,8
./number_data/train_img/8(49).jpg,8
./number_data/train_img/8(50).jpg,8
./number_data/train_img/8(51).jpg,8
./number_data/train_img/8(52).jpg,8
./number_data/train_img/8(53).jpg,8
./number_data/train_img/8(54).jpg,8
./number_data/train_img/8(55).jpg,8
./number_data/train_img/8(56).jpg,8
./number_data/train_img/8(57).jpg,8
./number_data/train_img/8(58).jpg,8
./number_data/train_img/8(59).jpg,8
./number_data/train_img/8(60).jpg,8
./number_data/train_img/8(61).jpg,8
./number_data/train_img/8(62).jpg,8
./number_data/train_img/8(63).jpg,8
./number_data/train_img/8(64).jpg,8
./number_data/train_img/8(65).jpg,8
./number_data/train_img/8(66).jpg,8
./number_data/train_img/8(67).jpg,8
./number_data/train_img/8(68).jpg,8
./number_data/train_img/8(69).jpg,8
./number_data/train_img/8(70).jpg,8
./number_data/train_img/8(71).jpg,8
./number_data/train_img/8(72).jpg,8
./number_data/train_img/8(73).jpg,8
./number_data/train_img/8(74).jpg,8
./number_data/train_img/8(75).jpg,8
./number_data/train_img/8(76).jpg,8
./number_data/train_img/8(77).jpg,8
./number_data/train_img/8(78).jpg,8
./number_data/train_img/8(79).jpg,8
./number_data/train_img/8(80).jpg,8
./number_data/train_img/8(81).jpg,8
./number_data/train_img/8(82).jpg,8
./number_data/train_img/8(83).jpg,8
./number_data/train_img/8(84).jpg,8
./number_data/train_img/8(85).jpg,8
./number_data/train_img/8(86).jpg,8
./number_data/train_img/8(87).jpg,8
./number_data/train_img/8(88).jpg,8
./number_data/train_img/8(89).jpg,8
./number_data/train_img/8(90).jpg,8
./number_data/train_img/8(91).jpg,8
./number_data/train_img/8(92).jpg,8
./number_data/train_img/8(93).jpg,8
./number_data/train_img/8(94).jpg,8
./number_data/train_img/8(95).jpg,8
./number_data/train_img/8(96).jpg,8
./number_data/train_img/8(97).jpg,8
./number_data/train_img/8(98).jpg,8
./number_data/train_img/8(99).jpg,8
./number_data/train_img/8(100).jpg,8
./number_data/train_img/9(1).jpg,9
./number_data/train_img/9(2).jpg,9
./number_data/train_img/9(3).jpg,9
./number_data/train_img/9(4).jpg,9
./number_data/train_img/9(5).jpg,9
./number_data/train_img/9(6).jpg,9
./number_data/train_img/9(7).jpg,9
./number_data/train_img/9(8).jpg,9
./number_data/train_img/9(9).jpg,9
./number_data/train_img/9(10).jpg,9
./number_data/train_img/9(11).jpg,9
./number_data/train_img/9(12).jpg,9
./number_data/train_img/9(13).jpg,9
./number_data/train_img/9(14).jpg,9
./number_data/train_img/9(15).jpg,9
./number_data/train_img/9(16).jpg,9
./number_data/train_img/9(17).jpg,9
./number_data/train_img/9(18).jpg,9
./number_data/train_img/9(19).jpg,9
./number_data/train_img/9(20).jpg,9
./number_data/train_img/9(21).jpg,9
./number_data/train_img/9(22).jpg,9
./number_data/train_img/9(23).jpg,9
./number_data/train_img/9(24).jpg,9
./number_data/train_img/9(25).jpg,9
./number_data/train_img/9(26).jpg,9
./number_data/train_img/9(27).jpg,9
./number_data/train_img/9(28).jpg,9
./number_data/train_img/9(29).jpg,9
./number_data/train_img/9(30).jpg,9
./number_data/train_img/9(31).jpg,9
./number_data/train_img/9(32).jpg,9
./number_data/train_img/9(33).jpg,9
./number_data/train_img/9(34).jpg,9
./number_data/train_img/9(35).jpg,9
./number_data/train_img/9(36).jpg,9
./number_data/train_img/9(37).jpg,9
./number_data/train_img/9(38).jpg,9
./number_data/train_img/9(39).jpg,9
./number_data/train_img/9(40).jpg,9
./number_data/train_img/9(41).jpg,9
./number_data/train_img/9(42).jpg,9
./number_data/train_img/9(43).jpg,9
./number_data/train_img/9(44).jpg,9
./number_data/train_img/9(45).jpg,9
./number_data/train_img/9(46).jpg,9
./number_data/train_img/9(47).jpg,9
./number_data/train_img/9(48).jpg,9
./number_data/train_img/9(49).jpg,9
./number_data/train_img/9(50).jpg,9
./number_data/train_img/9(51).jpg,9
./number_data/train_img/9(52).jpg,9
./number_data/train_img/9(53).jpg,9
./number_data/train_img/9(54).jpg,9
./number_data/train_img/9(55).jpg,9
./number_data/train_img/9(56).jpg,9
./number_data/train_img/9(57).jpg,9
./number_data/train_img/9(58).jpg,9
./number_data/train_img/9(59).jpg,9
./number_data/train_img/9(60).jpg,9
./number_data/train_img/9(61).jpg,9
./number_data/train_img/9(62).jpg,9
./number_data/train_img/9(63).jpg,9
./number_data/train_img/9(64).jpg,9
./number_data/train_img/9(65).jpg,9
./number_data/train_img/9(66).jpg,9
./number_data/train_img/9(67).jpg,9
./number_data/train_img/9(68).jpg,9
./number_data/train_img/9(69).jpg,9
./number_data/train_img/9(70).jpg,9
./number_data/train_img/9(71).jpg,9
./number_data/train_img/9(72).jpg,9
./number_data/train_img/9(73).jpg,9
./number_data/train_img/9(74).jpg,9
./number_data/train_img/9(75).jpg,9
./number_data/train_img/9(76).jpg,9
./number_data/train_img/9(77).jpg,9
./number_data/train_img/9(78).jpg,9
./number_data/train_img/9(79).jpg,9
./number_data/train_img/9(80).jpg,9
./number_data/train_img/9(81).jpg,9
./number_data/train_img/9(82).jpg,9
./number_data/train_img/9(83).jpg,9
./number_data/train_img/9(84).jpg,9
./number_data/train_img/9(85).jpg,9
./number_data/train_img/9(86).jpg,9
./number_data/train_img/9(87).jpg,9
./number_data/train_img/9(88).jpg,9
./number_data/train_img/9(89).jpg,9
./number_data/train_img/9(90).jpg,9
./number_data/train_img/9(91).jpg,9
./number_data/train_img/9(92).jpg,9
./number_data/train_img/9(93).jpg,9
./number_data/train_img/9(94).jpg,9
./number_data/train_img/9(95).jpg,9
./number_data/train_img/9(96).jpg,9
./number_data/train_img/9(97).jpg,9
./number_data/train_img/9(98).jpg,9
./number_data/train_img/9(99).jpg,9
./number_data/train_img/9(100).jpg,9
